{
  "controller/Object-dbg.controller.js": 1686667652424,
  "controller/App.controller.js": 1686667652416,
  "model/models.js": 1686667652416,
  "model/formatter.js": 1686667652428,
  "controller/Worklist.controller.js": 1686667652424,
  "controller/Object.controller.js": 1686667652424,
  "controller/NotFound.controller.js": 1686667652420,
  "controller/ErrorHandler.js": 1686667652420,
  "controller/BaseController.js": 1686667652420,
  "manifest.json": 1686787406936,
  "Component.js": 1686667652408,
  "Component-preload.js": 1686787407658,
  "controller/NotFound-dbg.controller.js": 1686667652420,
  "model/formatter-dbg.js": 1686667652428,
  "controller/Worklist-dbg.controller.js": 1686667652424,
  "i18n/i18n.properties": 1686667652412,
  "model/models-dbg.js": 1686667652416,
  "controller/ErrorHandler-dbg.js": 1686667652420,
  "controller/BaseController-dbg.js": 1686667652420,
  "controller/App-dbg.controller.js": 1686667652416,
  "Component-dbg.js": 1686667652408,
  "view/Worklist.view.xml": 1686668486932,
  "view/ObjectNotFound.view.xml": 1686667652432,
  "view/Object.view.xml": 1686668822256,
  "view/NotFound.view.xml": 1686667652432,
  "view/App.view.xml": 1686667652432,
  "index.html": 1686667652412
}